{"train_f1_score":0.9872432741926972,"train_accuracy":0.98725,"round":2,"test_loss":0.04784720268675146,"train_loss":0.041196776419955616,"val_loss":0.06007179139340495,"_timestamp":1.7593008211003244e+09,"f1_score":0.9855879023336499,"_wandb":{"runtime":114},"_step":2,"val_f1_score":0.9826492179487659,"_runtime":114.751630619,"train_time":17.73108410835266,"test_accuracy":0.9855833333333334,"val_accuracy":0.9826666666666667}