{"operation_time":68.35868430137634,"train_accuracy":0.992074989348104,"_step":2,"train_loss":0.023639445224308102,"_runtime":68.501961743,"test_loss":8.937795838223227,"test_accuracy":0.5681,"train_f1_score":0.992043683819393,"f1_score":0.44907159252971723,"gl_model_v":2,"round":2,"train_time":26.392232179641724,"_timestamp":1.759307900291436e+09,"val_loss":0.06322894346616838,"val_accuracy":0.9822707125809751,"_wandb":{"runtime":68},"val_f1_score":0.9825670641995372}