{"_step":3,"train_loss":0.009131370934839988,"operation_time":37.59438228607178,"round":1,"_runtime":37.762732227,"_timestamp":1.7593083562505352e+09,"gl_model_v":3,"train_f1_score":0.9976799598250894,"val_f1_score":0.9897326491934463,"val_accuracy":0.9897715649505625,"train_time":12.355767011642456,"train_accuracy":0.9976991904559012,"val_loss":0.031677704679010356,"_wandb":{"runtime":37}}